path,sharpe_costed,cagr,annual_turnover,sharpe_cost_free
0,0.4257861639905376,0.063449796407552,15.910607267498202,0.4688466130725658
1,0.3588288257306526,0.04897427922222297,15.492317324060412,0.40249467380494297
2,0.4632397664172463,0.07177639193220098,16.068771548471524,0.5060006339576728
3,0.44179330955964147,0.06464995222138636,15.91405566890368,0.4865548991556565
4,0.308404854409024,0.04140752513405577,16.0844259639137,0.3506026291751258
5,0.4001260206829244,0.056771388376014364,15.945487685865144,0.4450327193059395
6,0.38027988040341243,0.05089497792537645,15.353056632212647,0.42607304044075256
7,0.6294084263839749,0.10427071834534551,15.713918986319063,0.6720287142018045
8,0.39128597240185686,0.05649391703277851,16.013852838920123,0.43482884292615487
9,0.47313691401739877,0.06910560598679871,15.661815282857159,0.5185356382977794
10,0.3764334691433603,0.053160380035657706,16.250374375289816,0.4211098873956698
11,0.45181959798579413,0.06780375422460172,15.616349764028039,0.4947382473265299
12,0.43605549849089,0.06575822536586529,16.50309695675169,0.48043355090009254
13,0.4215745998435288,0.05641396033239765,15.846745731325873,0.47070962803110766
14,0.3673871442994484,0.053221050178638096,16.688913003184346,0.41112095931137194
15,0.47974998969507304,0.07292448870593637,15.801677659381564,0.5232061564128238
16,0.469660145099361,0.06970081928415528,16.455533023120534,0.5160171135493389
17,0.37983450970309834,0.05303660733228077,16.802630362294973,0.42707553088567124
18,0.4541588229355471,0.06739089568619083,16.617543455042664,0.5006099166174262
19,0.5013829734212859,0.07255916403979357,16.146311300099963,0.5494803772111506
20,0.4927847945116184,0.06967569674354213,16.309390439931718,0.5424914143020008
21,0.3730130194851806,0.0496658464501063,15.872690794310605,0.4202948432933737
22,0.3295254739858403,0.04390809531200701,15.690210856780986,0.37325370453810697
23,0.5381248631611184,0.08508360188090847,15.622930054861568,0.5808109864805462
24,0.36795177793399014,0.049616993805478016,16.392849702975507,0.4155799865735866
25,0.3924538174592972,0.05794201218887762,15.758057981025287,0.4340342312311169
26,0.5544201300581645,0.08201196529635224,16.433690294743283,0.6033500552815884
27,0.3869485478725276,0.053636909227995355,16.28735429753444,0.4336992920545202
28,0.39949617530363024,0.05696384151634892,15.617514363819769,0.4432365465240445
29,0.4563429265056882,0.07075389426987422,16.327361466533553,0.49950963653771135
30,0.5164969145690994,0.07937671154129244,16.584121403994573,0.5628000899888977
31,0.3841635420273614,0.05479111174196616,16.191310770031322,0.42867603598980103
32,0.43460989005893685,0.06350539345584894,15.739629714304296,0.4785825289359024
33,0.3550853397869213,0.04705405186952949,16.087545297076332,0.4023065323973383
34,0.3087209970406127,0.04079144481319541,15.593104051614802,0.35098870748683475
35,0.28773375385823546,0.03536151889807315,15.98901918446188,0.3340589578610784
36,0.42641963568055885,0.06380698444343258,15.822823632191787,0.4690167281931076
37,0.395904781617729,0.053630694495802045,16.327011461346427,0.4445739934068589
38,0.4506920347796306,0.0676377443398255,15.732795922285977,0.49389497961583195
39,0.41525179684061436,0.06071560016492339,16.060686782969288,0.45928231655769247
40,0.22703595872331175,0.024734680405521736,16.104782390184482,0.2725954414979947
41,0.32734864239873684,0.04480222076823903,16.005913535632903,0.3698934915134049
42,0.5572346363866417,0.08657723631431424,16.216822002300294,0.6027828581888568
43,0.30519333868990883,0.039252028670514694,16.028122641339,0.350060177585684
44,0.3896166749677887,0.05817788688583736,15.715846480262217,0.4303874102049614
45,0.42547948743311276,0.06066006866819351,16.084894301088134,0.47155054629348436
46,0.4779455126715224,0.06913205528286626,16.099424893131303,0.5252484380934593
47,0.47825287096284613,0.07011262797225903,15.97083248897498,0.5243076962160733
48,0.6005923760148375,0.08973781777815004,16.555981235569526,0.6503936213792127
49,0.4367267643205466,0.06393997194973333,16.392764409906604,0.48264823438020915
50,0.3466488183861673,0.04641252326716172,16.69844466490313,0.39423414032423754
51,0.571310237386047,0.09407955417928626,16.32345349677667,0.6144953748038597
52,0.5068472599285572,0.07512240081044386,15.867409989543011,0.5527735756329417
53,0.4624992909043172,0.06766473813529417,15.762414649742373,0.5076961625307214
54,0.4260074006638759,0.059513625996024055,16.737171948621757,0.4752618205479817
55,0.5115586212003117,0.07438467118804803,15.53843538265128,0.5578262387631657
56,0.5145674910986524,0.07228016500157675,15.880159775982701,0.563940902918859
57,0.4852504290889055,0.06857295546915054,15.911792049365003,0.5335943730738126
58,0.5066072382047968,0.07536950773217499,15.995774555136906,0.5527758938169025
59,0.5908628096021041,0.08126092564703735,16.475422703302826,0.64500650209021
60,0.456188332483435,0.06850323410691717,16.618687227368063,0.5019557454192154
61,0.5291922701456497,0.08044284140420199,16.643434706194235,0.5766678348098562
62,0.4379634507439754,0.0647303557886183,16.466208417452535,0.48347521155488016
63,0.53228232785752,0.07707579215061044,15.684007258267874,0.5796433984862159
64,0.49628018816886926,0.07403265020478411,15.820680981347477,0.5415496846764134
65,0.41901851650116206,0.06144955995754775,16.31378469356204,0.46388760582475014
66,0.31925113853870246,0.0414693512048514,16.16996397032039,0.3652032205775978
67,0.4886532177123043,0.07033129709146646,16.527322787277008,0.5378449867667193
68,0.5819021617174921,0.08186824840237072,15.401327102587258,0.6310859293979882
69,0.6004759245042708,0.09624452390979288,15.989135885054312,0.6447811537603046
70,0.4615312095873645,0.06443882688051605,16.115532754431538,0.5103970334654039
71,0.331809901875291,0.04752454421052832,15.987168406444674,0.3715256074190272
72,0.5577513156016363,0.08217277457166339,16.386538578960444,0.6069619073344704
73,0.4432043475241532,0.06063562018123125,16.51924536033828,0.4938533382315928
74,0.547875552117161,0.0826549552215341,16.0360818438942,0.5943617670079236
75,0.31751368236973176,0.042024600896305,16.2261274142997,0.36198135161113193
76,0.5601089694837124,0.08531412978470754,15.9046942791236,0.6061130879526619
77,0.42414178761304666,0.06057738610204089,15.498334766067854,0.4684764906432412
78,0.5422147546619679,0.08668902165769765,16.641620440497025,0.5872026427363467
79,0.5373835340587354,0.08092830154900499,15.98536812495599,0.5835457045063027
80,0.38340194690388735,0.05350081077526214,16.326800979377722,0.42949826215276804
81,0.5340982928840058,0.08252208148237483,16.245546706991192,0.5795096161881658
82,0.43645588998085716,0.06431863702617457,15.847167199346929,0.4804446348103926
83,0.46052753591877904,0.06398244035637846,15.95112867708132,0.5091711237776255
84,0.33603415634182826,0.043299727099506136,15.782806081109507,0.38268366161099404
85,0.40194602297997156,0.0569209486774489,16.33514408925091,0.44815079282110104
86,0.4651413771707422,0.06504337292924522,16.07434269950195,0.5138241282531467
87,0.35291959020879604,0.049390591579156595,15.646436231766645,0.39505623092498005
88,0.4671693472253509,0.06687757388302829,16.06210671020871,0.5146331127526396
89,0.49674763646957926,0.07093343005713715,16.59182832997212,0.5467599014915425
90,0.33657753786376426,0.04588575364215752,15.995683381600132,0.38018031312970074
91,0.4271539839703726,0.06163640684525107,15.80673433042359,0.47187039312032536
92,0.4206003619375939,0.05998421232420359,16.234659420068645,0.46701072798792737
93,0.3749842213435959,0.05306653823300422,16.33142759600534,0.41967477860398794
94,0.5241996735753187,0.079302266479087,15.881943840561371,0.5694563781348135
95,0.4270416286977069,0.06378497627251267,15.813227366371313,0.46977155734402154
96,0.38012843803972535,0.04918934976621303,15.51415798193647,0.4284861548951891
97,0.6264533385453281,0.09766281706832336,16.21031283983467,0.6732958518540183
98,0.5251445857719125,0.08288781125970601,16.570084281359815,0.5701204028000338
99,0.44473359888220404,0.0670240029579936,16.42062597845554,0.4893594904661785
100,0.4912709521687514,0.07390144382285402,16.21541805700825,0.5371000053400959
101,0.39022723878560994,0.05567403527119641,16.6960674677729,0.4363542619402987
102,0.464888451447075,0.07053169832050754,16.242838514210153,0.5095115170802188
103,0.4744523158730322,0.06778319660769871,15.948975588208242,0.5218284892512317
104,0.4642686864725708,0.06453016703048697,15.83568418797856,0.5126907288296608
105,0.32924042803051806,0.043755452441041065,16.544301909699552,0.37550807106526435
106,0.5858181162672826,0.09187200842360155,16.270092697185486,0.6318733121098943
107,0.4287232135042243,0.06303170539516723,16.16403482401329,0.4734382606048761
108,0.6742763795477136,0.1062267062568738,16.43290522373876,0.7221803820926852
109,0.4968706338414718,0.06976218403085666,16.789744204020455,0.5485153627836129
110,0.39754265161276314,0.053869582217118905,16.315480854653146,0.4463268416832792
111,0.4454768720777248,0.06208193158699005,16.1817848196108,0.4939960033202488
112,0.5184618032001308,0.07996359796830288,15.925705244711637,0.5627045487330078
113,0.35109629283699106,0.04648304293593419,16.02560160520859,0.39782785182169267
114,0.3859136116887022,0.05202710989143711,16.289203317927925,0.43436279256738997
115,0.247097534429236,0.028330861786918238,16.02231911781333,0.29254307425420567
116,0.42877135447960557,0.05986684539240228,16.93784568309324,0.47880403890763124
117,0.5907425576250389,0.09140617030213583,16.135139110197386,0.6371002925221193
118,0.3967559261532542,0.053751285668927284,15.58335000683474,0.4432495462874085
119,0.5486429849562539,0.08018273595970249,15.851452675517915,0.5965387553423632
120,0.4337277992476433,0.06133180469028909,16.20076940448287,0.48111545650417625
121,0.5473291826210573,0.09029190016105049,16.059603555929232,0.5893125067305154
122,0.37114347267532644,0.049110980978369856,16.286519908091933,0.420038966995681
123,0.3393488364115434,0.04891111875463183,16.533253880323187,0.38085902327025956
124,0.43153751595555595,0.05886085808608321,15.707989575363786,0.4793958011224536
125,0.47955398429494134,0.06882873598607597,16.420276766432977,0.5282798583138973
126,0.5066400135936673,0.07582422426508817,16.227849278268828,0.553170764758727
127,0.43529124925810536,0.06157118631704894,16.170483101539872,0.48253964503632146
128,0.47581467773075753,0.07032902371895355,16.015589402134356,0.5214945865246959
129,0.4579469926497566,0.06483258153118943,16.177870746555,0.5060756428825729
130,0.48164437039299574,0.07002828964509478,15.752670431033449,0.5276093202854387
131,0.5800958808378228,0.09287745711737116,16.92165623487942,0.6266366760218018
132,0.48093702568393715,0.0712499708689116,16.570967739859405,0.5282029670796282
133,0.499155342414654,0.07432349917274417,15.914234300025726,0.5447871871721355
134,0.3852839413082386,0.05647798072797605,15.936286544720112,0.42729932064913034
135,0.4091681092816581,0.05881740420107606,15.809860204289322,0.45338399335553475
136,0.4465410173127786,0.06364236210927987,15.870597236133538,0.49296529353417357
137,0.4164002454391546,0.059041208721146266,15.723134200746776,0.46153702938836316
138,0.530543511374478,0.08213510915829558,15.589708992865994,0.5742175645971698
139,0.6008587884174569,0.09172953596072997,16.10480488913713,0.6482192983030489
140,0.4274034529968678,0.06243003330112695,16.50832210361901,0.4735271685513925
141,0.4829211279810967,0.0699782762871699,15.982296889749788,0.5299615290928105
142,0.5643713221103315,0.08783266686012459,16.842073637015748,0.6120267523951372
143,0.37875095832086675,0.053941557795749384,16.501004890630778,0.42391004301775903
144,0.5358209573545938,0.08021704149286268,15.564411320035383,0.5811874971783483
145,0.5256302026986167,0.0758343721103718,15.47427672107084,0.5722922537093103
146,0.6237151256491771,0.09794020059691011,16.507523764691832,0.6711965438080771
147,0.42741679672758703,0.059825355500540356,16.244119879146172,0.475331425899668
148,0.5920207142074975,0.08731386978503819,15.94999570410584,0.64053069252873
149,0.43809052702065,0.06414509714890992,15.666916070732473,0.48195128741006665
150,0.4049617316127984,0.05829346632682153,15.991344773549597,0.4492377378495946
151,0.5626713467789256,0.08395951379503508,16.28405378793773,0.610880432317615
152,0.4342198747718495,0.060330271919367684,15.797156040055876,0.48146561596237075
153,0.2664558821599251,0.03299528333569457,15.842263261941367,0.30839047662180574
154,0.4135734515930071,0.056711426358295736,15.44829653353707,0.4597772337420595
155,0.40399975364841717,0.058788819907712675,15.691470857806868,0.4467484488029312
156,0.34922984532349116,0.047141440374057764,15.399385833760608,0.3927323825958296
157,0.5026535372549389,0.07807190658512742,15.61866784097196,0.545288757081914
158,0.4844254913965411,0.07580727570667145,15.924552192428632,0.527051406317683
159,0.41872919112592377,0.06251519936023042,16.629282093772307,0.46330253266501015
160,0.392460529280404,0.05591261551429394,16.188217469287437,0.437276329463323
161,0.463783807854263,0.06734688354012075,15.98274455945576,0.5099650127191292
162,0.37854196346853125,0.05345496596059074,15.979780065383633,0.42263287421795326
163,0.46148512319465823,0.06869733464135153,16.303639339116657,0.5071403361885662
164,0.36616037586544764,0.05007875157465991,16.114172443377157,0.41211341490358616
165,0.4553029754454883,0.06598844380910052,15.586677717432245,0.5001547573682925
166,0.3459961347356344,0.04676771011954761,16.007149720282584,0.3909954150293079
167,0.2489302739060883,0.02985690781573469,15.975873696966362,0.2903277087469062
168,0.48537450847949026,0.067685194326911,15.913952920880762,0.5343362960312462
169,0.44645587298573775,0.06635988529571346,16.54866930901972,0.49233091897745146
170,0.39170393319431296,0.05661202039371527,15.958487529267954,0.4351959575854585
171,0.41834073055989507,0.060088506593275026,16.46348019584077,0.46478007938072213
172,0.5255720244667407,0.07899252118066591,15.812410510315969,0.5711070341943696
173,0.558181575056669,0.0858434218707329,16.40378050425935,0.6049439170878962
174,0.4223161060538435,0.05925592535751889,15.4694760574176,0.4674836157397679
175,0.36887887863224933,0.05069220066080837,15.923665692467367,0.41401914456639716
176,0.45178973225774305,0.06622433871304567,16.201421050293145,0.49758134297435924
177,0.49715910954551323,0.07543766339783708,16.514013251719362,0.5436047023296223
178,0.45225107499943856,0.07150395999393577,16.53760576821056,0.49474372008444184
179,0.4140249880363271,0.06210836981437318,16.922692868066676,0.45902240395568994
180,0.4876535806642635,0.07078905431637228,16.65551294764981,0.5365655602528967
181,0.45263409303324864,0.06912258556363149,15.406757544731882,0.49411862614147933
182,0.5128932590812139,0.08101897244195566,16.452973188496184,0.5571331510965633
183,0.28077038196055426,0.034128735424408196,16.069035058459264,0.32721669068187587
184,0.4192291630939813,0.061027419361823876,16.42273868967235,0.4647729920269075
185,0.5902804986067973,0.08780781739758381,15.000644003927578,0.6354452680654682
186,0.3481524299866801,0.046990479492504456,16.022673158027334,0.393350978313322
187,0.4369408709869469,0.058382123585499546,15.657010554718491,0.4862017312085912
188,0.4302435649020665,0.06034214467059229,16.235852318384524,0.47808311256337876
189,0.3618924660761976,0.04927915862502674,15.895740052969353,0.4070632100227556
190,0.3605873486098739,0.04880669485964728,16.36688585124409,0.407478393987377
191,0.47741579180041793,0.07458436952095782,15.926128255340064,0.5196402321749893
192,0.38848188946605094,0.05613879173075076,16.065305699992795,0.432010751711495
193,0.3557741851266819,0.047178500798046086,15.84271631933571,0.4022430220544841
194,0.5914109342050936,0.08906863232103612,15.982812006346213,0.6390263304304644
195,0.326985451198772,0.043900018144632735,16.133707272778228,0.3711903504890926
196,0.6425070809899521,0.09816520004883311,16.108545447866,0.6905139544275543
197,0.3455639980120308,0.047934512992290346,15.808717883794829,0.388172941440379
198,0.5004198033978355,0.07419222733982744,15.44350460864424,0.5450301952960851
199,0.6363464611601312,0.09473525876818156,16.357165521640272,0.6863660352529023
200,0.515052983794099,0.07983430963638583,16.44595740469666,0.5604484951997732
201,0.5579465840238397,0.08663318615237614,16.318070069345243,0.6039354556819333
202,0.43982898064409315,0.06920444262498981,16.254181181252044,0.4813311440208886
203,0.42551003121188713,0.060642864577359124,15.7265498644613,0.47073927251483033
204,0.4003011513242536,0.057482913952486614,15.863247443525161,0.44421500563947464
205,0.41034754672339346,0.055066914757463614,16.103661199258624,0.45982648992675745
206,0.5166693351440088,0.07566744886076027,15.916276394983495,0.5636662627272766
207,0.3367986500769927,0.043065255821089554,16.25175401730468,0.38562090907832225
208,0.3796092171284943,0.05199981800192344,15.775404521741596,0.42523279760566723
209,0.4068530214389145,0.05514269776383052,16.1414301483753,0.45537830348454794
210,0.3599261041948705,0.049654342484169556,16.613892925764894,0.40606147622583944
211,0.3162304531946958,0.041128533693112646,15.53728484330154,0.3600017649212349
212,0.5966047136586033,0.08812570980099599,16.033888031863317,0.6453110268081336
213,0.36062176741051394,0.05317405607000181,16.26150049380186,0.4016134536297272
214,0.4171717057948867,0.061472230648006,16.159240322068797,0.4612069321162413
215,0.3854177432560033,0.054050377755167744,16.007619660444483,0.430306555976363
216,0.3926633499823577,0.057455067068074905,16.29573310068567,0.43627784145833065
217,0.4937384454810804,0.07295405771352637,15.99264237783731,0.5399961650839701
218,0.432602429174896,0.06325426005228185,16.569654620592825,0.4789590546195137
219,0.4343842879600252,0.06271602411596455,16.021186676925705,0.4798978796393811
220,0.4161438589657768,0.05711687200966176,15.387362642340307,0.4621880707052841
221,0.46333485713360545,0.07162872222248695,16.010501791453308,0.5061554159254243
222,0.6015806098346107,0.09270114273704544,16.06419254568596,0.6481902814514736
223,0.3922004746521346,0.054936972858791844,15.475976539148816,0.4361291686885047
224,0.3987037482368555,0.0560233648834616,15.972587327255132,0.4441707396181144
225,0.4715547720324157,0.07003981742849019,16.32067017645395,0.5176175847152681
226,0.38610284626467517,0.05566460356015668,15.584053598435062,0.42831793714831384
227,0.3993625834316551,0.05949843022329504,16.430676211794186,0.4426123631311929
228,0.4483377386333874,0.06453931668341184,16.20821757075081,0.4951609047699209
229,0.5803660358950979,0.09186567363248899,16.6373309126651,0.6267258406108406
230,0.3759916194928963,0.0522968765737335,16.155328828329356,0.4213699993329375
231,0.45068193208414903,0.06266840356863468,16.49819399156598,0.5005235782453129
232,0.29955811659420856,0.03890298562284311,16.137570838487186,0.3433243888509119
233,0.5255356292072141,0.08105972848366694,15.778797060718972,0.5695848630233343
234,0.3421149544951765,0.04590478815445298,16.04435897349839,0.3872668111774209
235,0.4201857398265299,0.05957243840528892,16.091669108737452,0.4664514696319343
236,0.39154116841575287,0.05316011300440371,15.833771440821199,0.43848495278285826
237,0.5816198225428456,0.09188467367504827,16.037425579786618,0.6264148654657589
238,0.2891114190456758,0.03532726654947549,16.103951130407754,0.33634614905842186
239,0.48010088835150505,0.0723870115966243,16.02185166457894,0.5249884468516174
240,0.40768935663907685,0.055551521805773385,16.467561553422055,0.45709715137602047
241,0.4109004675672315,0.05822799240349674,15.422136782500466,0.4548381479342482
242,0.3745553397388334,0.05343302670838157,15.400226020957225,0.41632855187726847
243,0.41932245487513914,0.05715405788507977,16.44224705438561,0.4691794980280802
244,0.5320052837224982,0.07747352311455646,16.02649942388333,0.5801616524609007
245,0.4490640706494636,0.06301278282519274,16.05654657994359,0.4970884557222127
246,0.5714627587507222,0.08869438460421963,16.721918051538466,0.6189183580552612
247,0.5627531405908961,0.08470419908768734,15.953437079693407,0.6097409558720589
248,0.5114323733408965,0.07844102287588384,15.904404468549853,0.5557165644918572
249,0.5846544748579533,0.08268841801685367,16.179169314941245,0.6360094746633651
250,0.6315802848963957,0.09293889101478503,16.429047032500208,0.6823788811824503
251,0.46910197319444813,0.06684787964244832,14.85081710539412,0.5131707217408715
252,0.5557618838886941,0.08565341357402678,15.502799157870598,0.5998961673362955
253,0.43151172525353076,0.06616273163527642,15.845540058410895,0.47316978361299183
254,0.48684266354226363,0.06953197275094403,16.03744533992281,0.5347520212311507
255,0.5694167688710422,0.0899421099733344,15.398118995777537,0.6121851989039429
256,0.5157035438215615,0.07447509566271959,15.852620679141465,0.5632806769340878
257,0.6123407806110399,0.09370523560798771,16.925341075382725,0.662299286349601
258,0.3659263635452441,0.04858378037961031,16.24267640736218,0.4140630863322249
259,0.5954264508839455,0.09428367697793938,16.612745309476132,0.6420666150263709
260,0.37511028644222383,0.050267051255466155,15.925814082436943,0.4222274063740126
261,0.46860977039827334,0.06903964457960221,16.08664547556875,0.5144696646247854
262,0.5977434572798787,0.0928172320604792,16.224691821348696,0.644518156725136
263,0.4282309070712428,0.05971540347567128,15.480097741403304,0.4740990497091192
264,0.4854953887177934,0.07100755143308701,15.172330688397071,0.5296134410657204
265,0.4452814817288084,0.06477063752358525,16.519357241393305,0.4923488435326786
266,0.4383183890116481,0.0645613653267616,16.28808660433399,0.48362749333180766
267,0.4843842497160126,0.07000158047890759,16.4672593413945,0.5329539475649342
268,0.4361027596161391,0.05985926873577707,15.439197305344576,0.4829857850574838
269,0.5246324660884873,0.07370580008491268,15.955619243158567,0.5744663318881883
270,0.535327975970788,0.07663859711238974,16.155434393920437,0.5848519280873676
271,0.6334871667619737,0.09410095081694503,16.74304906988919,0.6846006356677223
272,0.4555252501901373,0.06645964642313174,15.90832517755153,0.5009070609512369
273,0.4252377179632449,0.06056854062817907,15.870142551823252,0.47077794031619613
274,0.4507640635950421,0.06539538308751469,15.723353095538485,0.4958928519046339
275,0.425866401056598,0.05968435050691867,15.350469450023454,0.4708328092835141
276,0.3755175384161525,0.052103994428963185,16.07985916834187,0.42089480256710854
277,0.3892861967833013,0.05411301393427825,15.885485638511655,0.4348292934242388
278,0.5500147709114942,0.08842977676259922,15.733721252290934,0.5923875827718095
279,0.37903782150309506,0.05067136295545116,15.978668969783868,0.42668199284621483
280,0.4039849202018751,0.05455184109934663,16.15583545810185,0.4528031963839822
281,0.4912744841841289,0.06886346843005975,15.665073177212921,0.5395035793972582
282,0.5514057972905171,0.08035839826185298,15.813797640197464,0.5992870453309539
283,0.3586821086907783,0.051947682127230665,16.669533117952184,0.4017396842256544
284,0.4029052541715759,0.05820055332887786,16.244610489899557,0.4476486552239486
285,0.5174311948008739,0.07765335804500939,16.22022128562866,0.5640545288704644
286,0.2949776387328531,0.03741879644810897,15.959764502437324,0.3393698649650004
287,0.37075650523051745,0.05244598866908867,15.77203106508706,0.4137274922860229
288,0.47204727233754834,0.07149528190955112,15.654623357946443,0.5152193782566762
289,0.4266529663554271,0.0632654159203152,16.582448446641457,0.47181839765672673
290,0.25681344506053355,0.030765011684082744,15.760313843877436,0.29960726171838503
291,0.4004453171732803,0.05762272392776224,16.71131682084189,0.44651199146144493
292,0.5266870736854817,0.0788236453902107,15.891960195930455,0.5727189728117399
293,0.5607504653662267,0.08451361362074405,16.105992212511005,0.6077275009192781
294,0.33916059390209086,0.04271428528909427,15.270822434543463,0.3861480012105747
295,0.48108008835449856,0.07209025121770618,15.567232348083689,0.5248896660417617
296,0.5210450098876768,0.08148453714112303,15.315935411802034,0.5630978825895935
297,0.4671301707065348,0.07045385447319363,15.459409191218436,0.5097908838241232
298,0.44011747260118034,0.06378597356909976,16.356025228825064,0.4866483833450826
299,0.5621241845553753,0.08527842118146989,16.131600534362548,0.6089336669418306
