lookback_months,holdings,rebalance,cost_bps,sharpe,cagr,ann_volatility,max_drawdown,calmar,sortino,ann_turnover,avg_exposure,n_periods
3,1,weekly,0,0.4085435803641238,0.03195750919639284,0.08608602908928717,-0.2464024204695815,0.12969640937572693,0.5668423054283647,16.154800590841955,0.3999999999999999,2708
3,1,weekly,5,0.314641108163793,0.023654531706252646,0.08610602221100414,-0.25062879170850416,0.0943807435091665,0.4348808571357514,16.154800590841955,0.3999999999999999,2708
3,1,weekly,10,0.22069380395622676,0.01541507574166845,0.08616052472590968,-0.25483314479226893,0.06049085865276387,0.30387215664760503,16.154800590841955,0.3999999999999999,2708
3,1,weekly,20,0.03311568970039906,-0.0008751117778408313,0.08637275526075251,-0.2631762197304589,-0.0033251932060469123,0.045251658779659504,16.154800590841955,0.3999999999999999,2708
3,1,monthly,0,0.5255014862906939,0.045704000600292005,0.09330924590455594,-0.24505322963875364,0.18650642012621818,0.7714857382127928,7.37016248153619,0.3999999999999999,2708
3,1,monthly,5,0.4860996914952151,0.04185983414087846,0.09329169913119824,-0.2462612302960645,0.16998142212865985,0.7121151452733141,7.37016248153619,0.3999999999999999,2708
3,1,monthly,10,0.446610165125261,0.03802827043975876,0.09328937892465182,-0.24746778070657804,0.15366958208126816,0.6528822028808089,7.37016248153619,0.3999999999999999,2708
3,1,monthly,20,0.36744529994323694,0.03040280620070468,0.09333041530190567,-0.2498765354313529,0.12167131318761645,0.534899890726221,7.37016248153619,0.3999999999999999,2708
3,1,quarterly,0,0.3394136579278411,0.027032134979794842,0.0907275390469876,-0.2870369611432787,0.09417649515283628,0.47221113463619563,2.754505169867061,0.3999999999999999,2708
3,1,quarterly,5,0.32428742287817985,0.025620148025422118,0.09071247061236222,-0.28732379991848,0.08916820685474405,0.4508318785936427,2.754505169867061,0.3999999999999999,2708
3,1,quarterly,10,0.30913574323502696,0.02420953903596068,0.09070339275372723,-0.287610638693682,0.08417469932934195,0.4294591444226123,2.754505169867061,0.3999999999999999,2708
3,1,quarterly,20,0.2787680197059894,0.02139245177334015,0.09070321477213447,-0.2881843162440856,0.07423183902631685,0.3867383406026979,2.754505169867061,0.3999999999999999,2708
3,2,weekly,0,0.5743702951325929,0.07677789988344075,0.14790770775676337,-0.39774432446166563,0.1930333009461724,0.8004256311860558,23.524963072378142,0.7999999999999998,2708
3,2,weekly,5,0.49478495688606283,0.06418622165057242,0.14792550016289727,-0.3996865606885204,0.160591393265768,0.6872709773201058,23.524963072378142,0.7999999999999998,2708
3,2,weekly,10,0.41512354012833763,0.0517359302399536,0.1479772278519023,-0.40162350481279074,0.1288169880995121,0.574752547443566,23.524963072378142,0.7999999999999998,2708
3,2,weekly,20,0.25579209914172457,0.027253434308743385,0.1481823236099255,-0.40548156425403536,0.06721251152042274,0.3518696433554815,23.524963072378142,0.7999999999999998,2708
3,2,monthly,0,0.4615547550480657,0.06372557438838178,0.16232542755423401,-0.43881890583274896,0.14522066743557782,0.6661946667728295,10.869128508124078,0.7999999999999998,2708
3,2,monthly,5,0.4280703677374831,0.05796089276205785,0.16232730395722844,-0.44017477272464844,0.13167699821433274,0.6168261905178786,10.869128508124078,0.7999999999999998,2708
3,2,monthly,10,0.39453855824819184,0.05222393882620047,0.16234901026948362,-0.44173264736333184,0.11822521866545553,0.5675516628282931,10.869128508124078,0.7999999999999998,2708
3,2,monthly,20,0.3273819794723258,0.04083274682235283,0.1624518735647592,-0.4448757817090303,0.09178460258162438,0.4693464037184566,10.869128508124078,0.7999999999999998,2708
3,2,quarterly,0,0.3799195629630654,0.05247774332314892,0.1751947612395223,-0.5315186242611145,0.09873171122855826,0.5301468405220526,4.541211225997046,0.7999999999999998,2708
3,2,quarterly,5,0.36696636885494927,0.05009169392209878,0.17519128990251143,-0.5318992851489595,0.0941751480415517,0.5117860662031395,4.541211225997046,0.7999999999999998,2708
3,2,quarterly,10,0.35399554626790886,0.047709479985776904,0.1751962886295869,-0.5322799460368042,0.08963230785042212,0.49342445806280066,4.541211225997046,0.7999999999999998,2708
3,2,quarterly,20,0.32800855808031987,0.04295654329812981,0.17523169214831652,-0.5330412678124947,0.08058765032286472,0.456698371917955,4.541211225997046,0.7999999999999998,2708
3,3,weekly,0,0.6047854630852316,0.08983935938245668,0.16473487366933348,-0.42188040458682363,0.21294982750014788,0.8521260080352285,23.574593796159526,1.0,2708
3,3,weekly,5,0.5332404180424728,0.07707181799118334,0.1647323739689188,-0.42421027539748435,0.18168305310135915,0.7490376021121137,23.574593796159526,1.0,2708
3,3,weekly,10,0.4616139093806301,0.06444830576359539,0.16475817022992595,-0.4265316631388182,0.15109852640088803,0.6464718778355714,23.574593796159526,1.0,2708
3,3,weekly,20,0.31826436215974524,0.03962713291510389,0.16489458294967627,-0.431893829800975,0.09175202371695107,0.4430490594625197,23.574593796159526,1.0,2708
3,3,monthly,0,0.500219148512496,0.07223164598239062,0.1674376017521764,-0.42302646367689245,0.17074970996982625,0.7152900461200769,10.732644017725258,1.0,2708
3,3,monthly,5,0.46826532257493453,0.06650019268405294,0.16740332625429716,-0.42457208113875977,0.1566287460675474,0.6685258874653254,10.732644017725258,1.0,2708
3,3,monthly,10,0.4362491465659713,0.06079590903741816,0.1673879505198758,-0.4261145912219134,0.1426750228455722,0.6218393098476273,10.732644017725258,1.0,2708
3,3,monthly,20,0.3720730583934453,0.04946839965041594,0.16741391277013498,-0.42919030591945384,0.11525982522936964,0.5287222809651417,10.732644017725258,1.0,2708
3,3,quarterly,0,0.4420660626831258,0.0640205597156196,0.17517606104628447,-0.4891968502665329,0.1308687079255289,0.6191230670598465,5.459379615952733,1.0,2708
3,3,quarterly,5,0.42655199079487505,0.06112586723750568,0.17514793832253076,-0.4900507345162629,0.12473375292018289,0.5970134514592226,5.459379615952733,1.0,2708
3,3,quarterly,10,0.4110039553569384,0.058236740012073795,0.17513216364208883,-0.4909039349256974,0.11863164230062331,0.5748946188678805,5.459379615952733,1.0,2708
3,3,quarterly,20,0.37981910274167485,0.05247515500967226,0.17513766914563758,-0.49260828422368075,0.106525116792077,0.5306287098809397,5.459379615952733,1.0,2708
3,4,weekly,0,0.5324768797289843,0.07556918247916466,0.16127209078172045,-0.4190792197233364,0.18032195089284833,0.7491774327013973,19.91432791728213,1.0,2708
3,4,weekly,5,0.470672839728808,0.06491114923260666,0.16129355535348167,-0.4237452674867188,0.15318436384576525,0.6605259403594258,19.91432791728213,1.0,2708
3,4,weekly,10,0.4088356808880679,0.05435498632249325,0.16133457732031067,-0.42837521804129186,0.12688639312756386,0.5722799375278859,19.91432791728213,1.0,2708
3,4,weekly,20,0.28515212388909195,0.033544526057870394,0.16147522671149594,-0.4375279002077682,0.07666831313372509,0.3971035262201015,19.91432791728213,1.0,2708
3,4,monthly,0,0.5592176621989878,0.08083326767632282,0.1626467850109452,-0.39734270388197657,0.20343463435113904,0.8024873678528719,9.119645494830134,1.0,2708
3,4,monthly,5,0.5312622548191122,0.075921351901173,0.1626223797133932,-0.39855195936464616,0.19049298370582204,0.7612827872656782,9.119645494830134,1.0,2708
3,4,monthly,10,0.503258175166045,0.07102940913213107,0.16261098859679982,-0.3997593179240323,0.1776804340696545,0.7201338774336657,9.119645494830134,1.0,2708
3,4,monthly,20,0.4471308521984687,0.06130515503614675,0.16262725672095976,-0.40216835296177955,0.15243654699496692,0.6380249818124254,9.119645494830134,1.0,2708
3,4,quarterly,0,0.46490796001707974,0.06640512420772549,0.16913149591536492,-0.4591328140124895,0.1446316233148152,0.6517709210540142,4.513293943870015,1.0,2708
3,4,quarterly,5,0.45165209167082354,0.06400770443245896,0.16909903258984074,-0.4598097018589249,0.13920477139496565,0.6328427722065721,4.513293943870015,1.0,2708
3,4,quarterly,10,0.4383678132897888,0.06161404875897025,0.1690755629172599,-0.46048618181406786,0.1338021664759712,0.6139093960452849,4.513293943870015,1.0,2708
3,4,quarterly,20,0.41172243575260326,0.05683801524846355,0.16905561807842093,-0.46183791805047525,0.1230691829904092,0.5760331434488607,4.513293943870015,1.0,2708
6,1,weekly,0,0.48308007003550024,0.03805911517764948,0.0847607125876152,-0.14241808369415587,0.26723513047248815,0.6923335138950393,11.092466765140328,0.3999999999999999,2708
6,1,weekly,5,0.41785033715274356,0.03232202062820755,0.08471927492444159,-0.14411980269036195,0.22427189064122338,0.5971487534112299,11.092466765140328,0.3999999999999999,2708
6,1,weekly,10,0.35245377576865294,0.02661435845513438,0.08470258019746514,-0.1458188194036132,0.18251662277876674,0.5022623457687037,11.092466765140328,0.3999999999999999,2708
6,1,weekly,20,0.22138909888633646,0.015286774591778851,0.08474345637241897,-0.1870517208400564,0.0817248540838083,0.3136724698573518,11.092466765140328,0.3999999999999999,2708
6,1,monthly,0,0.3475987521312037,0.025983494351749847,0.08393554228732444,-0.24639576893916293,0.10545430412064169,0.4891194542648453,5.062333825701626,0.3999999999999999,2708
6,1,monthly,5,0.317431765487834,0.02338977838721168,0.08393842627794676,-0.24669895844947842,0.09481101393462786,0.44595043338565943,5.062333825701626,0.3999999999999999,2708
6,1,monthly,10,0.2872266045647821,0.020801585377109966,0.08395307241599749,-0.24700214795979436,0.08421621248611948,0.40286682148906533,5.062333825701626,0.3999999999999999,2708
6,1,monthly,20,0.22675269481193855,0.01564173000574276,0.08401762158957836,-0.24760852698042624,0.06317120899063083,0.31701315978152733,5.062333825701626,0.3999999999999999,2708
6,1,quarterly,0,0.1776213587647679,0.011992496208129255,0.08987788251546545,-0.29121963199286216,0.04118024642110389,0.2451272063024924,2.3822747415066474,0.3999999999999999,2708
6,1,quarterly,5,0.16435351711338986,0.010787076149820107,0.08988608521442013,-0.2917910643621019,0.0369684937864778,0.22666900682326657,2.3822747415066474,0.3999999999999999,2708
6,1,quarterly,10,0.15107929268162704,0.009582610106847245,0.08989952648515555,-0.29236226628963213,0.03277649413674376,0.2082274189311057,2.3822747415066474,0.3999999999999999,2708
6,1,quarterly,20,0.12452100112377741,0.007176538573162139,0.08994211443217562,-0.29350397881955914,0.024451247993384592,0.17140392238945887,2.3822747415066474,0.3999999999999999,2708
6,2,weekly,0,0.5515491684461244,0.06997718903305317,0.14057733131826367,-0.2982117302190602,0.23465605790104016,0.7774432130537664,15.484785819793206,0.7999999999999998,2708
6,2,weekly,5,0.4963444829842147,0.06172126672939915,0.14061386733150547,-0.30104113029796353,0.2050260264047935,0.6980288030126535,15.484785819793206,0.7999999999999998,2708
6,2,weekly,10,0.44110008967292724,0.053525560510717884,0.14067220983151574,-0.30386026005302735,0.1761518946287251,0.6189216320595248,15.484785819793206,0.7999999999999998,2708
6,2,weekly,20,0.3305953244413248,0.03731314336674929,0.14085419577566313,-0.30946784109706993,0.12057195744305263,0.4617535220476856,15.484785819793206,0.7999999999999998,2708
6,2,monthly,0,0.4794250318482823,0.05898194291032999,0.14002679645957278,-0.3680033075986987,0.16027557821477187,0.6674603548470978,7.444608567208272,0.7999999999999998,2708
6,2,monthly,5,0.4529337176247773,0.055052159318472516,0.13999851325082868,-0.36851511399802717,0.14938914912121415,0.6296981422119011,7.444608567208272,0.7999999999999998,2708
6,2,monthly,10,0.42639012395539944,0.05113489998597709,0.13998387727966868,-0.3690267130783488,0.13856693343259555,0.5919790001804945,7.444608567208272,0.7999999999999998,2708
6,2,monthly,20,0.3731770789774109,0.04333781971982775,0.13999556018012954,-0.37004928928196823,0.11711364127713654,0.5166932869876296,7.444608567208272,0.7999999999999998,2708
6,2,quarterly,0,0.2727127551151353,0.029196080476545427,0.14323170894201606,-0.38478630581518547,0.0758760902748146,0.3726194014068759,3.722304283604136,0.7999999999999998,2708
6,2,quarterly,5,0.2597440633572601,0.027284500663042888,0.14321775575081505,-0.3850361613752512,0.07086217711497432,0.3546484949252256,3.722304283604136,0.7999999999999998,2708
6,2,quarterly,10,0.24675903308024852,0.025375282909360974,0.14321181778309894,-0.3852860169353186,0.06586089760330167,0.33668462549913647,3.722304283604136,0.7999999999999998,2708
6,2,quarterly,20,0.22074867040689755,0.021563927189002907,0.14322399016012466,-0.38578572805545186,0.055896124767745074,0.3007874934885121,3.722304283604136,0.7999999999999998,2708
6,3,weekly,0,0.5932211541404286,0.08530826600621544,0.15953031159685876,-0.3917121596763984,0.21778304272374485,0.8216453255075261,12.779911373707533,1.0,2708
6,3,weekly,5,0.5531422445262,0.07839588617393689,0.1595372632488154,-0.39415767582654937,0.19889473421909284,0.7648503071159175,12.779911373707533,1.0,2708
6,3,weekly,10,0.5130242335445674,0.07152509341235413,0.1595574611097824,-0.39659445290329987,0.1803481942038,0.7081908407129087,12.779911373707533,1.0,2708
6,3,weekly,20,0.432710996110934,0.057907327882538384,0.15963757204992884,-0.40144189955147813,0.14424834066209063,0.5953254611153765,12.779911373707533,1.0,2708
6,3,monthly,0,0.5165811856442476,0.0743894061849859,0.16544510198453075,-0.43226002229040994,0.17209411546045789,0.7206048182422821,6.389955686853766,1.0,2708
6,3,monthly,5,0.4974269241574887,0.07097213797257074,0.16539283481311512,-0.43283176846836635,0.1639716470528844,0.6932454143230198,6.389955686853766,1.0,2708
6,3,monthly,10,0.47823615820462595,0.06756421604879304,0.16534900153140214,-0.4334031306702907,0.15589231195515332,0.6658942140272113,6.389955686853766,1.0,2708
6,3,monthly,20,0.4397566906328719,0.060776324866701925,0.1652866621856043,-0.4345447036619502,0.13986207714542132,0.6112217939611753,6.389955686853766,1.0,2708
6,3,quarterly,0,0.3720391607108109,0.04915830180954184,0.16615996903238334,-0.43463743707358027,0.11310185827646452,0.5140626296979363,3.6602658788774,1.0,2708
6,3,quarterly,5,0.3610519871223995,0.04724234106276293,0.1661474929447409,-0.43502050774227385,0.10859796313499652,0.4986050643577347,3.6602658788774,1.0,2708
6,3,quarterly,10,0.3500490353291167,0.04532870472704209,0.16614172208469258,-0.4354035784109671,0.10410733162201391,0.48314905379302425,3.6602658788774,1.0,2708
6,3,quarterly,20,0.32800111893183054,0.0415083989921583,0.16615029803027534,-0.4361697197483533,0.09516570525827983,0.4522425103872603,3.6602658788774,1.0,2708
6,4,weekly,0,0.5809362186184666,0.08170168456653482,0.15627437291333804,-0.3719658512070644,0.2196483475604148,0.807854256202074,11.306499261447565,1.0,2708
6,4,weekly,5,0.5447471720539774,0.07560460459119,0.15627835811525323,-0.3744881550199082,0.2018878396492161,0.7564202041686471,11.306499261447565,1.0,2708
6,4,weekly,10,0.5085285735778037,0.06954014177870649,0.15629199249634507,-0.3770011998340127,0.18445602244588039,0.705091293794215,11.306499261447565,1.0,2708
6,4,weekly,20,0.43602961908611176,0.05750840752653241,0.15634819691202714,-0.3819996358370179,0.15054571295735128,0.6027861562514576,11.306499261447565,1.0,2708
6,4,monthly,0,0.5007881243077592,0.07043448860781565,0.1622610963860545,-0.3916786812581651,0.179827220571626,0.6989850516637175,5.071639586410636,1.0,2708
6,4,monthly,5,0.48521229670702143,0.06772702006745845,0.16224364231564672,-0.39290226397318073,0.17237625302174756,0.6767641854129809,5.071639586410636,1.0,2708
6,4,monthly,10,0.4696166555446129,0.06502539214469016,0.1622318749162091,-0.3941239236687293,0.1649871734235184,0.6545506618610828,5.071639586410636,1.0,2708
6,4,monthly,20,0.43837246799582874,0.059639616058256184,0.16222540448217235,-0.3965614828202133,0.1503918525675239,0.6101478171333903,5.071639586410636,1.0,2708
6,4,quarterly,0,0.4636476353135349,0.060969943890588185,0.1528828173191903,-0.385693779848988,0.1580786288917077,0.6509746935647825,3.117429837518464,1.0,2708
6,4,quarterly,5,0.45351625369004506,0.059321259410204163,0.15286120673137896,-0.3866168285278675,0.15343682693814314,0.6364034019081688,3.117429837518464,1.0,2708
6,4,quarterly,10,0.44336684956173095,0.0576742857167134,0.15284482130222954,-0.38753903119976063,0.14882187618151074,0.6218317675732736,3.117429837518464,1.0,2708
6,4,quarterly,20,0.4230181012566477,0.05438546653720322,0.1528277321065604,-0.38938089990533586,0.13967163399752047,0.5926900843109844,3.117429837518464,1.0,2708
9,1,weekly,0,0.14535626982908906,0.008797879003378695,0.08540283106932078,-0.27351916642073026,0.032165493623381766,0.19676700797063182,6.774593796159529,0.3999999999999999,2708
9,1,weekly,5,0.10568866775075982,0.0053862767970163095,0.08540688657640534,-0.2740938926503411,0.019651210557571706,0.14287707674684774,6.774593796159529,0.3999999999999999,2708
9,1,weekly,10,0.06601298082706501,0.001984853702279077,0.08542627662419851,-0.2746683914990613,0.007226363730629195,0.08911990475651682,6.774593796159529,0.3999999999999999,2708
9,1,weekly,20,-0.013277245004820267,-0.004787560354311826,0.08551101036597347,-0.27581670705382155,-0.017357760541233655,-0.017874410719515534,6.774593796159529,0.3999999999999999,2708
9,1,monthly,0,0.2024982508019432,0.013568593191721101,0.08398918017446072,-0.2265606999980685,0.05988943886489041,0.2778856231558818,4.09453471196455,0.3999999999999999,2708
9,1,monthly,5,0.17806437354563703,0.011493389390202502,0.08401677672934946,-0.2271163162913331,0.050605740608523145,0.24409552629997636,4.09453471196455,0.3999999999999999,2708
9,1,monthly,10,0.15362910411028358,0.00942160560644223,0.08405391305532335,-0.22804180057266166,0.04131525703964171,0.21037366929431056,4.09453471196455,0.3999999999999999,2708
9,1,monthly,20,0.10478770289516924,0.005288281018409613,0.08415675126031404,-0.2298905521321849,0.023003472606255265,0.1431780725053318,4.09453471196455,0.3999999999999999,2708
9,1,quarterly,0,-0.0025615773205805545,-0.0035140142534785257,0.08135640949798377,-0.3360769446705112,-0.010455981313813879,-0.003466955117338218,2.0844903988183163,0.3999999999999999,2708
9,1,quarterly,5,-0.015369035128390024,-0.0045535571436498,0.08137439484101612,-0.3363452110955706,-0.013538343919979086,-0.020787689417784916,2.0844903988183163,0.3999999999999999,2708
9,1,quarterly,10,-0.028169079198630213,-0.005592431523551156,0.08139744704128335,-0.3366134775206294,-0.016613807518174678,-0.0380756627167923,2.0844903988183163,0.3999999999999999,2708
9,1,quarterly,20,-0.05373741185980445,-0.007668175401430388,0.08145873386144245,-0.33715001037074876,-0.02274410548882392,-0.07253831881024474,2.0844903988183163,0.3999999999999999,2708
9,2,weekly,0,0.3627954477298753,0.04178448789167577,0.13987632105466688,-0.4019733748034444,0.10394839686112894,0.49753963745087254,11.911373707533237,0.7999999999999998,2708
9,2,weekly,5,0.3202713071725729,0.035602606015067595,0.13985269572067613,-0.40293781246322613,0.08835757011093825,0.4385248029026653,11.911373707533237,0.7999999999999998,2708
9,2,weekly,10,0.27769926647921545,0.02945483462343579,0.13984595389346863,-0.403901083294116,0.07292586190462659,0.37963582125731915,11.911373707533237,0.7999999999999998,2708
9,2,weekly,20,0.19247314658004988,0.017260927705657014,0.13988312441066453,-0.405824128234372,0.042533024787743685,0.2623056801014782,11.911373707533237,0.7999999999999998,2708
9,2,monthly,0,0.2466730877299692,0.02470199889057323,0.13699052879069273,-0.2632612425066756,0.0938307464303138,0.34324220153586504,5.73234859675037,0.7999999999999998,2708
9,2,monthly,5,0.22578043500806555,0.02177193699319191,0.1369724636551501,-0.26355720829951035,0.08260801187592622,0.31388766888877884,5.73234859675037,0.7999999999999998,2708
9,2,monthly,10,0.20486717559978546,0.01884881329659538,0.13696448954139057,-0.2638531740923452,0.07143675023594197,0.28456280244352034,5.73234859675037,0.7999999999999998,2708
9,2,monthly,20,0.16299731348050023,0.013023327787984762,0.13697881919834048,-0.2644451056780146,0.04924775504766505,0.22601138309627064,5.73234859675037,0.7999999999999998,2708
9,2,quarterly,0,0.22701050378607399,0.02166124633513755,0.13395852183256832,-0.278045848161692,0.07790530402935882,0.3144051392510001,3.1267355982274747,0.7999999999999998,2708
9,2,quarterly,5,0.21532872182858584,0.020064357204039762,0.13396551785367014,-0.27891281727792594,0.07193773810705299,0.2980503681247328,3.1267355982274747,0.7999999999999998,2708
9,2,quarterly,10,0.20363813141937318,0.018469053559754922,0.13397911157038855,-0.2797790920762352,0.06601298697017148,0.28170301889737015,3.1267355982274747,0.7999999999999998,2708
9,2,quarterly,20,0.18023745658267543,0.015283199558953298,0.13402608308619526,-0.28150955983156645,0.05429016182646722,0.2490376271822868,3.1267355982274747,0.7999999999999998,2708
9,3,weekly,0,0.44536706547143307,0.05922002595962739,0.15688625473310464,-0.35057038141738306,0.168924784005415,0.6159366682775864,12.097488921713442,1.0,2708
9,3,weekly,5,0.4068781632096019,0.05283774907375971,0.15686078092510336,-0.3512223904652839,0.15043958047140044,0.5618726474055037,12.097488921713442,1.0,2708
9,3,weekly,10,0.3683453317557776,0.046491581733321796,0.1568486878500175,-0.3518739630573027,0.1321256660463697,0.5079131465311081,12.097488921713442,1.0,2708
9,3,weekly,20,0.29118728922728426,0.03390681200710155,0.1568646528530536,-0.3531757994580983,0.0960054795915436,0.40034418343619577,12.097488921713442,1.0,2708
9,3,monthly,0,0.4083936912658012,0.05346963664190452,0.1582920857773671,-0.34595619433985436,0.15455608980765337,0.5648765781994333,5.5834564254062045,1.0,2708
9,3,monthly,5,0.3908098025448154,0.05053666120843925,0.15827075112576203,-0.34617677558799687,0.1459851289058905,0.5401137321286322,5.5834564254062045,1.0,2708
9,3,monthly,10,0.37320345171420066,0.04761057706421723,0.15825693066902638,-0.34639735683613937,0.13744497792671972,0.5153657981534338,5.5834564254062045,1.0,2708
9,3,monthly,20,0.33793336397893503,0.041779029334789275,0.15825183914454494,-0.3468385193324244,0.12045671690446391,0.4659162826568919,5.5834564254062045,1.0,2708
9,3,quarterly,0,0.25214838676805973,0.028515081644444384,0.16664459976525378,-0.40892280503014056,0.0697321873314026,0.34858811475956986,3.412112259970458,1.0,2708
9,3,quarterly,5,0.24191217093525932,0.026762171494179476,0.16664358270432414,-0.40912215030990107,0.06541364595856694,0.3343034127614061,3.412112259970458,1.0,2708
9,3,quarterly,10,0.23166738395287223,0.025011199393601746,0.1666486411496797,-0.4093214955896616,0.061104045751545585,0.32001910906273856,3.412112259970458,1.0,2708
9,3,quarterly,20,0.2111565863459709,0.021515064488421443,0.16667698168226408,-0.4097201861491827,0.05251160478724282,0.2914552079296834,3.412112259970458,1.0,2708
9,4,weekly,0,0.5746607234819157,0.0797714174558608,0.15432567021946983,-0.3503979393361196,0.22765949368024102,0.8062379611538215,8.607828655834565,1.0,2708
9,4,weekly,5,0.5467758569587079,0.07513521214273866,0.15432463942643898,-0.3530130722980971,0.2128397445839959,0.7661236001424924,8.607828655834565,1.0,2708
9,4,weekly,10,0.5188667417276701,0.07051766152314887,0.15433070999633725,-0.3556184153926719,0.1982958656549989,0.7260831679141857,8.607828655834565,1.0,2708
9,4,weekly,20,0.46299120342872147,0.06133824433984003,0.15436415089360495,-0.36079986755543136,0.17000628286100009,0.6462332975014761,8.607828655834565,1.0,2708
9,4,monthly,0,0.5849010442470667,0.07953171122971381,0.15013318774095352,-0.3375660151708927,0.23560343060438388,0.8259632860044721,3.8153618906942395,1.0,2708
9,4,monthly,5,0.5722834428547932,0.07747836775681094,0.1501098422696714,-0.33789945381036646,0.22929414914145674,0.8075141531014207,3.8153618906942395,1.0,2708
9,4,monthly,10,0.5596466773036767,0.07542825626951544,0.15009058358002433,-0.33823280851092585,0.2230069182276825,0.7890728844429621,3.8153618906942395,1.0,2708
9,4,monthly,20,0.5343197358471717,0.071337712851119,0.15006433250552853,-0.33889926609530185,0.2104982807223257,0.7522174629727296,3.8153618906942395,1.0,2708
9,4,quarterly,0,0.36365423238843125,0.04536033727343325,0.1550839850405004,-0.3776483597337349,0.12011262886303822,0.5078977466785999,2.5590841949778436,1.0,2708
9,4,quarterly,5,0.3554066234203572,0.04402399768778564,0.15508266252247943,-0.37780489971818854,0.11652574575031699,0.496197412801712,2.5590841949778436,1.0,2708
9,4,quarterly,10,0.3471499815759508,0.042688716923307,0.15508531239511367,-0.37796143970264207,0.11294463519054215,0.48449795444486493,2.5590841949778436,1.0,2708
9,4,quarterly,20,0.3306121424530729,0.040021330017915746,0.15510252819272946,-0.37827451967155035,0.10579969819977729,0.46109888737433596,2.5590841949778436,1.0,2708
12,1,weekly,0,0.34443209521276097,0.02557807219127861,0.08344654688692586,-0.22656069999806838,0.112897215587243,0.47613845845873437,6.5512555391432805,0.3999999999999999,2708
12,1,weekly,5,0.30518139554110535,0.022224484685147372,0.08344558870572463,-0.22656069999806838,0.09809505658014323,0.4212277886672975,6.5512555391432805,0.3999999999999999,2708
12,1,weekly,10,0.2658813751135902,0.018880527929226343,0.08345982652568375,-0.22656069999806838,0.08333540604962518,0.3664218096851575,6.5512555391432805,0.3999999999999999,2708
12,1,weekly,20,0.1872194057303126,0.012221411438958052,0.08353385079522814,-0.22656069999806838,0.05394321009364047,0.25722332502081613,6.5512555391432805,0.3999999999999999,2708
12,1,monthly,0,0.31332932971048155,0.022267543735507545,0.0806844779098865,-0.2265606999980685,0.09828511182962174,0.43175423462093226,3.1267355982274747,0.3999999999999999,2708
12,1,monthly,5,0.29395954963405335,0.020670869319691976,0.08068268444402202,-0.22656069999806816,0.09123766531383525,0.4046885081257796,3.1267355982274747,0.3999999999999999,2708
12,1,monthly,10,0.27456293250132663,0.019076051397199034,0.08068852405344402,-0.22656069999806794,0.0841984130405746,0.37764252997374065,3.1267355982274747,0.3999999999999999,2708
12,1,monthly,20,0.23571126069882414,0.015891979364869524,0.08072309370659127,-0.22656069999806816,0.07014446620709167,0.3236285278112446,3.1267355982274747,0.3999999999999999,2708
12,1,quarterly,0,0.049469909804404084,0.0007125692732150579,0.08140049208122631,-0.3360769446705112,0.002120256341635272,0.06745167266288168,2.047267355982275,0.3999999999999999,2708
12,1,quarterly,5,0.036895825911677144,-0.00031108934341994576,0.08139786138655718,-0.3363452110955707,-0.0009249108747725009,0.05026568548270733,2.047267355982275,0.3999999999999999,2708
12,1,quarterly,10,0.024319454677160162,-0.0013341059350882034,0.08140016589965982,-0.33661347752062964,-0.003963317051101858,0.03310527152678634,2.047267355982275,0.3999999999999999,2708
12,1,quarterly,20,-0.0008310005081644484,-0.0033782136429043597,0.08141957797550166,-0.3371500103707479,-0.010019912617500733,-0.0011294134194183517,2.047267355982275,0.3999999999999999,2708
12,2,weekly,0,0.33416403909607056,0.03662917841697633,0.13492203053935603,-0.2691877272014913,0.13607298816249078,0.46376371588166715,10.86912850812408,0.7999999999999998,2708
12,2,weekly,5,0.29390027067146135,0.03101248491757924,0.13491490274378587,-0.2703594804313424,0.11470833154472954,0.40729907984478453,10.86912850812408,0.7999999999999998,2708
12,2,weekly,10,0.25360233697814233,0.025423903366404987,0.1349236863810905,-0.27152982408760307,0.0936320842538554,0.3509507501872691,10.86912850812408,0.7999999999999998,2708
12,2,weekly,20,0.17296104776926488,0.014330560055333397,0.1349889699036347,-0.2741428533252992,0.052274060335720976,0.2386691430192016,10.86912850812408,0.7999999999999998,2708
12,2,monthly,0,0.32498021920527503,0.03558077336409049,0.13613714505929575,-0.3080523331116065,0.11550236612296545,0.4504327255236721,4.9134416543574595,0.7999999999999998,2708
12,2,monthly,5,0.30695358177248655,0.033041224577327055,0.13612859043665637,-0.3083300367170646,0.10716187410455551,0.4251118225724628,4.9134416543574595,0.7999999999999998,2708
12,2,monthly,10,0.2889078675667187,0.03050676878795633,0.1361279563628032,-0.308607740322523,0.09885289577012552,0.3998077470264092,4.9134416543574595,0.7999999999999998,2708
12,2,monthly,20,0.2527718138807597,0.02545310412066004,0.13615044892176925,-0.30916314753343976,0.082329036703532,0.34925886218190705,4.9134416543574595,0.7999999999999998,2708
12,2,quarterly,0,0.18501085472656476,0.016256247184023742,0.1407053401795257,-0.3472927408674594,0.0468084853815812,0.25619897285088084,2.828951255539144,0.7999999999999998,2708
12,2,quarterly,5,0.17495583500550216,0.014819553927992724,0.14070716545499806,-0.34729274086745954,0.04267164896961795,0.24215251268809349,2.828951255539144,0.7999999999999998,2708
12,2,quarterly,10,0.16489469187313707,0.01338410682370239,0.1407144386037509,-0.34729274086745954,0.038538400745929464,0.2281126387016852,2.828951255539144,0.7999999999999998,2708
12,2,quarterly,20,0.14475871799672047,0.010516949047191027,0.14074532451019217,-0.3472927408674592,0.03028266303787995,0.2000550961235343,2.828951255539144,0.7999999999999998,2708
12,3,weekly,0,0.5170949752540229,0.0688605112368732,0.15082097711636083,-0.2618286476399746,0.26299838408652404,0.7197210349234597,10.918759231905465,1.0,2708
12,3,weekly,5,0.4808167885401624,0.0630382339253126,0.15084620908107302,-0.2623201663587258,0.24031028494815418,0.6682536907585137,10.918759231905465,1.0,2708
12,3,weekly,10,0.4445162972801489,0.05724567895307353,0.15088312983853755,-0.2628115213816751,0.21782027915715674,0.6169062897999884,10.918759231905465,1.0,2708
12,3,weekly,20,0.37188228978022625,0.045749170277412876,0.15099200071922034,-0.2637937403401668,0.173427808478012,0.5146077051051751,10.918759231905465,1.0,2708
12,3,monthly,0,0.5695931330499565,0.07648227706822563,0.14887833639787856,-0.2615193827863438,0.29245356980178466,0.798372868452108,4.466765140324964,1.0,2708
12,3,monthly,5,0.5546760715712615,0.07408492368560116,0.14885570107266266,-0.2617667458952948,0.2830188511234147,0.7768880653387071,4.466765140324964,1.0,2708
12,3,monthly,10,0.5397353097341419,0.07169204800504958,0.14883834998932705,-0.26201410900424615,0.2736190363087957,0.7554076278070975,4.466765140324964,1.0,2708
12,3,monthly,20,0.50978899962685,0.06691970258492552,0.14881950737857247,-0.26250883522214796,0.25492362010708997,0.7124546216075139,4.466765140324964,1.0,2708
12,3,quarterly,0,0.320517343899734,0.03895571137438325,0.15848218027239133,-0.31932222710203506,0.12199498834741461,0.4422216080782091,2.8227474150664698,1.0,2708
12,3,quarterly,5,0.31164405342356505,0.037493214819914966,0.15846576639693455,-0.31954913107591165,0.11733161249312904,0.42979107975165276,2.8227474150664698,1.0,2708
12,3,quarterly,10,0.3027605101335085,0.03603204839263996,0.15845375620527358,-0.3197760350497868,0.11267901419513827,0.4173607940076516,2.8227474150664698,1.0,2708
12,3,quarterly,20,0.2849656138083864,0.033113703250090776,0.15844295051182058,-0.3202298429975382,0.10340605029227504,0.392496981355759,2.8227474150664698,1.0,2708
12,4,weekly,0,0.5274388995933703,0.06905606898767425,0.14717796987435353,-0.35946155549722736,0.19210974840453252,0.7336762741560475,7.770310192023635,1.0,2708
12,4,weekly,5,0.5009489851971145,0.06490738807438645,0.14720507188948023,-0.360751146375094,0.17992288791481334,0.6961235587831869,7.770310192023635,1.0,2708
12,4,weekly,10,0.4744473568012138,0.0607737004698119,0.14723883541870086,-0.36203846493012826,0.16786531365262788,0.6586310318567603,7.770310192023635,1.0,2708
12,4,weekly,20,0.4214234279758442,0.05255110446480549,0.1473263277959637,-0.3646062987984554,0.14413109328606066,0.5838425670328443,7.770310192023635,1.0,2708
12,4,monthly,0,0.5732196932635397,0.07777159423404845,0.15042012563230525,-0.35709541214073304,0.21778939630677271,0.8061606227770982,3.5827178729689813,1.0,2708
12,4,monthly,5,0.561344409596299,0.07584450990500691,0.15041108078345297,-0.3574192170941103,0.2122004253762233,0.7889742207651183,3.5827178729689813,1.0,2708
12,4,monthly,10,0.5494543007483847,0.0739202670256538,0.15040570305862164,-0.3577429404843939,0.20662956178971328,0.7717916392730029,3.5827178729689813,1.0,2708
12,4,monthly,20,0.5256330775427492,0.07008029217129019,0.15040595028619638,-0.3583901425756797,0.1955419076753531,0.7374380462965681,3.5827178729689813,1.0,2708
12,4,quarterly,0,0.4693217223468956,0.06100158669720224,0.15027640409875292,-0.3262456989664222,0.18698050852612352,0.6525681303024734,2.000738552437223,1.0,2708
12,4,quarterly,5,0.4627020961724855,0.0599428577632799,0.15026431066261642,-0.3264147530008291,0.18364016090635352,0.643173209639723,2.000738552437223,1.0,2708
12,4,quarterly,10,0.45607290728924754,0.05888473699945007,0.15025501658187002,-0.32658380703523726,0.18030513372359766,0.6337728323834023,2.000738552437223,1.0,2708
12,4,quarterly,20,0.44278731188110165,0.056770319430156535,0.15024482840807823,-0.3269219151040521,0.1736510059660203,0.6149549845135678,2.000738552437223,1.0,2708
